label,name,status,error,skill,speed,delay_ms,seed,dt,motor_curve,voltage,moving_speed,flight_s,jump,running,motion_failed,settled,peak_ground_force,peak_torque,limit_excess,camera_yaw_rms,camera_pitch_rms
source,run_v0.45_d5_s101_dt0.00125_curve0_V12.6,COMPLETE,,run,0.45,5,101,0.00125,False,12.6,0.2560748750181155,0.0,False,False,False,True,36.60330169739831,0.6,0.0,0.5552221848257675,0.9381099035679065
source,run_v0.45_d5_s102_dt0.00125_curve0_V12.6,FAILED,ValueError('Calibration angular motion is excessive'),run,0.45,5,102,0.00125,False,12.6,,,,,,,,,,,
source,run_v0.45_d5_s103_dt0.00125_curve0_V12.6,COMPLETE,,run,0.45,5,103,0.00125,False,12.6,0.25751396306487023,0.0,False,False,False,False,36.21244439545288,0.6,0.0,0.62396048327462,0.8467278255637057
source,run_v0.45_d10_s101_dt0.00125_curve0_V12.6,COMPLETE,,run,0.45,10,101,0.00125,False,12.6,0.266995663432006,0.0,False,False,False,True,36.83765236437606,0.6,0.0,0.46968285808323246,1.4737891748367358
source,run_v0.45_d10_s102_dt0.00125_curve0_V12.6,COMPLETE,,run,0.45,10,102,0.00125,False,12.6,0.2686778969076075,0.0,False,False,False,True,38.41300094385901,0.6,0.0,0.46417711383470656,1.4381677714365622
source,run_v0.45_d10_s103_dt0.00125_curve0_V12.6,COMPLETE,,run,0.45,10,103,0.00125,False,12.6,0.2661307373978965,0.0,False,False,False,True,37.077958976716126,0.6,0.0,0.43786510255858957,1.5634261261756737
source,run_v0.45_d15_s101_dt0.00125_curve0_V12.6,COMPLETE,,run,0.45,15,101,0.00125,False,12.6,0.27345490386797067,0.0,False,False,False,True,38.28833805969767,0.6,0.0,0.43163306512702976,1.315926033757275
source,run_v0.45_d15_s102_dt0.00125_curve0_V12.6,COMPLETE,,run,0.45,15,102,0.00125,False,12.6,0.2731053821847657,0.0,False,False,False,True,37.655843352293175,0.6,0.0,0.4085939049064824,1.3177052025180838
source,run_v0.45_d15_s103_dt0.00125_curve0_V12.6,COMPLETE,,run,0.45,15,103,0.00125,False,12.6,0.27349752059277177,0.0,False,False,False,True,37.82278841999641,0.6,0.0,0.4038440179191493,1.3627378338105423
source,run_v0.6_d5_s101_dt0.00125_curve0_V12.6,COMPLETE,,run,0.6,5,101,0.00125,False,12.6,0.29720369692196574,0.0,False,False,False,False,41.07126700311063,0.6,0.0,0.33963852719310855,1.0652203230396942
source,run_v0.6_d5_s102_dt0.00125_curve0_V12.6,FAILED,ValueError('Calibration angular motion is excessive'),run,0.6,5,102,0.00125,False,12.6,,,,,,,,,,,
source,run_v0.6_d5_s103_dt0.00125_curve0_V12.6,COMPLETE,,run,0.6,5,103,0.00125,False,12.6,0.2917260153320558,0.0,False,False,False,False,41.545756667407254,0.6,0.0,0.34947265718751264,1.0546487250712302
source,run_v0.6_d10_s101_dt0.00125_curve0_V12.6,COMPLETE,,run,0.6,10,101,0.00125,False,12.6,0.3040647488053609,0.0,False,False,False,True,42.31881885701148,0.6,0.0,0.5332604149508141,1.5451581274859345
source,run_v0.6_d10_s102_dt0.00125_curve0_V12.6,COMPLETE,,run,0.6,10,102,0.00125,False,12.6,0.3060424105180354,0.0,False,False,False,True,41.987014131741354,0.6,0.0,0.5292735264496579,1.562158539795854
source,run_v0.6_d10_s103_dt0.00125_curve0_V12.6,COMPLETE,,run,0.6,10,103,0.00125,False,12.6,0.30446557621223674,0.0,False,False,False,True,41.18240373303667,0.6,0.0,0.5450613720568714,1.479518947066511
source,run_v0.6_d15_s101_dt0.00125_curve0_V12.6,COMPLETE,,run,0.6,15,101,0.00125,False,12.6,0.309148694251443,0.0,False,False,False,True,43.88473585754279,0.6,0.0,0.5926505840132078,1.30875065151381
source,run_v0.6_d15_s102_dt0.00125_curve0_V12.6,COMPLETE,,run,0.6,15,102,0.00125,False,12.6,0.3091172434131094,0.0,False,False,False,True,42.99585004007258,0.6,0.0,0.60832279035742,1.2765069753309741
source,run_v0.6_d15_s103_dt0.00125_curve0_V12.6,COMPLETE,,run,0.6,15,103,0.00125,False,12.6,0.3093034622966401,0.0,False,False,False,True,42.889837425504474,0.6,0.0,0.5456989250024122,1.3377594320701651
source,run_v0.8_d5_s101_dt0.00125_curve0_V12.6,COMPLETE,,run,0.8,5,101,0.00125,False,12.6,0.33068981675153847,0.0,False,False,False,True,47.70493986657302,0.6,0.0,0.6545824803374777,1.4781058705186672
source,run_v0.8_d5_s102_dt0.00125_curve0_V12.6,FAILED,ValueError('Calibration angular motion is excessive'),run,0.8,5,102,0.00125,False,12.6,,,,,,,,,,,
source,run_v0.8_d5_s103_dt0.00125_curve0_V12.6,COMPLETE,,run,0.8,5,103,0.00125,False,12.6,0.33274939462189795,0.0,False,False,False,False,46.72800037899904,0.6,0.0,0.8054220261755829,1.4685536432111783
source,run_v0.8_d10_s101_dt0.00125_curve0_V12.6,COMPLETE,,run,0.8,10,101,0.00125,False,12.6,0.34194262497774214,0.0,False,False,False,True,46.47375992227091,0.6,0.0,0.588651955568093,1.6914397700842347
source,run_v0.8_d10_s102_dt0.00125_curve0_V12.6,COMPLETE,,run,0.8,10,102,0.00125,False,12.6,0.34188885711416417,0.0,False,False,False,True,46.823087832486706,0.6,0.0,0.4907944300493866,1.7331993592845136
source,run_v0.8_d10_s103_dt0.00125_curve0_V12.6,COMPLETE,,run,0.8,10,103,0.00125,False,12.6,0.3409224954789062,0.0,False,False,False,True,47.68006986704628,0.6,0.0,0.4275693036401201,1.6755715052995117
source,run_v0.8_d15_s101_dt0.00125_curve0_V12.6,COMPLETE,,run,0.8,15,101,0.00125,False,12.6,0.34039636835902826,0.0,False,False,False,True,47.87356349631397,0.6,0.0,1.1644889869277832,1.5913947698167723
source,run_v0.8_d15_s102_dt0.00125_curve0_V12.6,COMPLETE,,run,0.8,15,102,0.00125,False,12.6,0.3409012911724718,0.0,False,False,False,True,49.43689203639685,0.6,0.0,1.086055843505311,1.5340566250848586
source,run_v0.8_d15_s103_dt0.00125_curve0_V12.6,COMPLETE,,run,0.8,15,103,0.00125,False,12.6,0.3418287298802603,0.0,False,False,False,True,48.81876362078505,0.6,0.0,1.0148327563296666,1.572986131813166
source,jump_v0.6_d5_s101_dt0.00125_curve0_V12.6,COMPLETE,,jump,0.6,5,101,0.00125,False,12.6,-0.08077758599069952,0.0,False,False,True,False,76.96195580604355,0.6,0.06610356077430057,219.32132970961297,22.24402221040226
source,jump_v0.6_d5_s102_dt0.00125_curve0_V12.6,FAILED,ValueError('Calibration angular motion is excessive'),jump,0.6,5,102,0.00125,False,12.6,,,,,,,,,,,
source,jump_v0.6_d5_s103_dt0.00125_curve0_V12.6,COMPLETE,,jump,0.6,5,103,0.00125,False,12.6,-0.09124446674962247,0.0,False,False,True,False,75.38779999421685,0.6,0.06962493881107079,203.9678499821887,27.868432814167456
source,jump_v0.6_d10_s101_dt0.00125_curve0_V12.6,COMPLETE,,jump,0.6,10,101,0.00125,False,12.6,-0.022785530932716028,0.0,False,False,False,True,33.461790104301876,0.6,0.0,0.6607712236357033,1.339986830742349
source,jump_v0.6_d10_s102_dt0.00125_curve0_V12.6,COMPLETE,,jump,0.6,10,102,0.00125,False,12.6,-0.02240939882819498,0.0,False,False,False,True,31.183897032410275,0.6,0.0,0.526410419430339,1.451414961943255
source,jump_v0.6_d10_s103_dt0.00125_curve0_V12.6,COMPLETE,,jump,0.6,10,103,0.00125,False,12.6,-0.02303921964470947,0.0,False,False,False,True,31.23583018731112,0.6,0.0,0.5084029778568705,1.3645187599192827
source,jump_v0.6_d15_s101_dt0.00125_curve0_V12.6,COMPLETE,,jump,0.6,15,101,0.00125,False,12.6,-0.01959572043561316,0.0,False,False,False,True,32.9798208606409,0.6,0.0,0.5917104555137535,1.5500600466878416
source,jump_v0.6_d15_s102_dt0.00125_curve0_V12.6,COMPLETE,,jump,0.6,15,102,0.00125,False,12.6,-0.019771660774673402,0.0,False,False,False,True,35.48629432151098,0.6,0.0,0.5113153365642028,1.537589449415051
source,jump_v0.6_d15_s103_dt0.00125_curve0_V12.6,COMPLETE,,jump,0.6,15,103,0.00125,False,12.6,-0.019666940663224268,0.0,False,False,False,True,31.9079298078136,0.6,0.0,0.5698302360774228,1.5174681491615367
source_stress,run_v0.6_d10_s101_dt0.00125_curve0_V12.6,COMPLETE,,run,0.6,10,101,0.00125,False,12.6,0.3040647488053609,0.0,False,False,False,True,42.31881885701148,0.6,0.0,0.5332604149508141,1.5451581274859345
source_stress,run_v0.6_d10_s104_dt0.000625_curve0_V12.6,COMPLETE,,run,0.6,10,104,0.000625,False,12.6,0.30371002704890593,0.0,False,False,False,True,40.81383388838769,0.6,0.0,0.40205491340766175,1.4679274928363368
source_stress,run_v0.6_d10_s104_dt0.00125_curve1_V11.1,COMPLETE,,run,0.6,10,104,0.00125,True,11.1,0.2966790409700888,0.0,False,False,False,True,43.19567048653391,0.6,0.0,0.6574742852689237,1.4621812637692675
source_stress,run_v0.6_d10_s104_dt0.00125_curve1_V9.9,COMPLETE,,run,0.6,10,104,0.00125,True,9.9,0.29097459859601543,0.0,False,False,False,True,41.01995903294412,0.6,0.0,0.5600709273087829,1.429902311647152
source_stress,run_v0.6_d10_s104_dt0.00125_curve0_V12.6__feedback40,COMPLETE,,run,0.6,10,104,0.00125,False,12.6,0.28784796337786434,0.0,False,False,False,True,41.57340257828977,0.6,0.0,0.5380383731978631,1.3632972387610869
source_stress,run_v0.6_d10_s104_dt0.00125_curve0_V12.6__low_friction,COMPLETE,,run,0.6,10,104,0.00125,False,12.6,0.29541351294114854,0.0,False,False,False,True,44.453968079169236,0.6,0.0,0.33365956108241257,1.519182979644103
source_stress,run_v0.6_d10_s104_dt0.00125_curve0_V12.6__head_carrier_plus10pct,COMPLETE,,run,0.6,10,104,0.00125,False,12.6,0.3219234570336861,0.0,False,False,False,True,43.23786473440283,0.6,0.0,0.46072656099039155,1.5004716244936742
source_stress,run_v0.6_d10_s104_dt0.00125_curve0_V12.6__feedback_drop2pct,COMPLETE,,run,0.6,10,104,0.00125,False,12.6,0.3047001392194359,0.0,False,False,False,True,40.91844549727767,0.6,0.0,0.40263535920154725,1.4628441836948645
source_stress,jump_v0.6_d10_s101_dt0.00125_curve0_V12.6,COMPLETE,,jump,0.6,10,101,0.00125,False,12.6,-0.022785530932716028,0.0,False,False,False,True,33.461790104301876,0.6,0.0,0.6607712236357033,1.339986830742349
source_stress,jump_v0.6_d10_s104_dt0.000625_curve0_V12.6,COMPLETE,,jump,0.6,10,104,0.000625,False,12.6,-0.023419221444086508,0.0,False,False,False,True,33.27131152549458,0.6,0.0,0.6313624016176144,1.2515959336594813
source_stress,jump_v0.6_d10_s104_dt0.00125_curve1_V11.1,COMPLETE,,jump,0.6,10,104,0.00125,True,11.1,-0.07375880752369184,0.0,False,False,True,False,50.012591285436876,0.6,0.060666332600702644,77.57423391490902,25.877449180176622
source_stress,jump_v0.6_d10_s104_dt0.00125_curve1_V9.9,COMPLETE,,jump,0.6,10,104,0.00125,True,9.9,-0.06581988148015624,0.0,False,False,True,False,65.35774032380856,0.6,0.06075575817915968,64.60547675426129,23.67039216658198
source_stress,jump_v0.6_d10_s104_dt0.00125_curve0_V12.6__feedback40,COMPLETE,,jump,0.6,10,104,0.00125,False,12.6,-0.027410037244798527,0.0,False,False,False,True,41.37643678154419,0.6,0.0,0.6794334489206304,1.3078463670027183
source_stress,jump_v0.6_d10_s104_dt0.00125_curve0_V12.6__low_friction,COMPLETE,,jump,0.6,10,104,0.00125,False,12.6,-0.021558015270978333,0.0,False,False,False,True,36.73608702320504,0.6,0.0,0.5593917193639759,1.428026759047424
source_stress,jump_v0.6_d10_s104_dt0.00125_curve0_V12.6__head_carrier_plus10pct,COMPLETE,,jump,0.6,10,104,0.00125,False,12.6,-0.020817930921195296,0.0,False,False,False,True,33.99952046541846,0.6,0.0,0.6026269337691977,1.540683449367408
source_stress,jump_v0.6_d10_s104_dt0.00125_curve0_V12.6__feedback_drop2pct,COMPLETE,,jump,0.6,10,104,0.00125,False,12.6,-0.02186629475512706,0.0,False,False,False,True,33.11549017195162,0.6,0.0,0.46839171097931337,1.4170657143769883
jump,jump_v0.6_d5_s101_dt0.00125_curve0_V12.6,COMPLETE,,jump,0.6,5,101,0.00125,False,12.6,0.017634762476099065,0.085,False,False,False,False,72.87392900572193,0.6,0.015197382385243374,2.0633332233107535,3.047075555454175
jump,jump_v0.6_d5_s102_dt0.00125_curve0_V12.6,FAILED,ValueError('Calibration angular motion is excessive'),jump,0.6,5,102,0.00125,False,12.6,,,,,,,,,,,
jump,jump_v0.6_d5_s103_dt0.00125_curve0_V12.6,COMPLETE,,jump,0.6,5,103,0.00125,False,12.6,0.01845612141267734,0.08625000000000001,False,False,False,False,73.43760306246335,0.6,0.009742415013790473,2.300521060120536,2.755774449205877
jump,jump_v0.6_d10_s101_dt0.00125_curve0_V12.6,COMPLETE,,jump,0.6,10,101,0.00125,False,12.6,0.012224744938796389,0.08375,False,False,False,False,74.41213755527295,0.6,0.012423705618389125,2.383274305884156,3.6050842140932797
jump,jump_v0.6_d10_s102_dt0.00125_curve0_V12.6,COMPLETE,,jump,0.6,10,102,0.00125,False,12.6,0.01233362767529535,0.08625000000000001,False,False,False,False,70.38067827707626,0.6,0.01038680080499721,2.371075742248352,3.2797180642221204
jump,jump_v0.6_d10_s103_dt0.00125_curve0_V12.6,COMPLETE,,jump,0.6,10,103,0.00125,False,12.6,0.00924339347405085,0.08625000000000001,False,False,False,False,74.28856153957537,0.6,0.013749434474287447,2.112555815208007,3.596482139084315
jump,jump_v0.6_d15_s101_dt0.00125_curve0_V12.6,COMPLETE,,jump,0.6,15,101,0.00125,False,12.6,0.007161058403325228,0.085,False,False,False,False,74.19060410277395,0.6,0.007851500497397801,1.97365824982393,3.3879723203668406
jump,jump_v0.6_d15_s102_dt0.00125_curve0_V12.6,COMPLETE,,jump,0.6,15,102,0.00125,False,12.6,0.00806634293060784,0.0825,False,False,False,False,72.50522031698874,0.6,0.0103129666256907,1.9996466779809268,3.361522082044585
jump,jump_v0.6_d15_s103_dt0.00125_curve0_V12.6,COMPLETE,,jump,0.6,15,103,0.00125,False,12.6,0.005952020055899271,0.08,False,False,False,False,71.85227574400622,0.6,0.00912700423944135,1.8251619121621323,3.4010519502161323
jump,jump_v0.6_d10_s104_dt0.000625_curve0_V12.6,COMPLETE,,jump,0.6,10,104,0.000625,False,12.6,0.010829948902582152,0.08687500000000001,False,False,True,False,74.06387619357339,0.6,0.032755887832574215,2.143372749851194,3.4452336428508143
jump,jump_v0.6_d10_s104_dt0.00125_curve1_V11.1,COMPLETE,,jump,0.6,10,104,0.00125,True,11.1,0.008554195689082736,0.0375,False,False,False,False,39.59546263052489,0.6,0.009787941426618652,1.6070573713302254,3.7860466267658373
jump,jump_v0.6_d10_s104_dt0.00125_curve1_V9.9,COMPLETE,,jump,0.6,10,104,0.00125,True,9.9,-0.012094312238331729,0.0,False,False,False,False,33.13710354101286,0.6,0.009096746495934893,1.9346035427058854,3.9512122043477413
jump,jump_v0.6_d10_s104_dt0.00125_curve0_V12.6__feedback40,COMPLETE,,jump,0.6,10,104,0.00125,False,12.6,0.002777397573785902,0.0825,False,False,False,False,70.78343082828931,0.6,0.014218898611959463,2.319229681114179,3.063504237692939
jump,jump_v0.6_d10_s104_dt0.00125_curve0_V12.6__low_friction,COMPLETE,,jump,0.6,10,104,0.00125,False,12.6,0.016803726973053646,0.08750000000000001,False,False,True,False,82.85983227144217,0.6,0.021759344623663968,2.0408223496340256,4.194652668846013
jump,jump_v0.6_d10_s104_dt0.00125_curve0_V12.6__head_carrier_plus10pct,COMPLETE,,jump,0.6,10,104,0.00125,False,12.6,0.011139112671225405,0.08125,False,False,False,False,74.77247165909937,0.6,0.007602484489612316,1.778392867618579,3.4225720188170246
jump,jump_v0.6_d10_s104_dt0.00125_curve0_V12.6__feedback_drop2pct,COMPLETE,,jump,0.6,10,104,0.00125,False,12.6,0.008440984492509197,0.085,False,False,False,False,69.38572280739592,0.6,0.009678510915346772,2.3863993421057366,3.501321415042466
jump_return,jump_v0.6_d5_s101_dt0.00125_curve0_V12.6,COMPLETE,,jump,0.6,5,101,0.00125,False,12.6,-0.013604721809193022,0.085,True,False,False,True,72.87392900572193,0.6,0.015197382385243374,2.041339351371021,2.653540194528221
jump_return,jump_v0.6_d5_s102_dt0.00125_curve0_V12.6,FAILED,ValueError('Calibration angular motion is excessive'),jump,0.6,5,102,0.00125,False,12.6,,,,,,,,,,,
jump_return,jump_v0.6_d5_s103_dt0.00125_curve0_V12.6,COMPLETE,,jump,0.6,5,103,0.00125,False,12.6,0.002892297973138852,0.08625000000000001,True,False,False,True,73.43760306246335,0.6,0.009742415013790473,2.1378004682151754,1.8156153907094006
jump_return,jump_v0.6_d10_s101_dt0.00125_curve0_V12.6,COMPLETE,,jump,0.6,10,101,0.00125,False,12.6,0.0018304658936467888,0.08375,True,False,False,True,74.41213755527295,0.6,0.012423705618389125,2.1000030432614154,2.655693756805259
jump_return,jump_v0.6_d10_s102_dt0.00125_curve0_V12.6,COMPLETE,,jump,0.6,10,102,0.00125,False,12.6,-0.014351446432645432,0.08625000000000001,True,False,False,True,70.38067827707626,0.6,0.01038680080499721,2.1107759937836343,3.2262244524810106
jump_return,jump_v0.6_d10_s103_dt0.00125_curve0_V12.6,COMPLETE,,jump,0.6,10,103,0.00125,False,12.6,0.0010157027423824299,0.08625000000000001,True,False,False,True,74.28856153957537,0.6,0.013749434474287447,2.0765670662322977,2.282323769075312
jump_return,jump_v0.6_d15_s101_dt0.00125_curve0_V12.6,COMPLETE,,jump,0.6,15,101,0.00125,False,12.6,0.0002486281378949493,0.085,True,False,False,True,74.19060410277395,0.6,0.007851500497397801,1.7664121336354568,2.4421328447225124
jump_return,jump_v0.6_d15_s102_dt0.00125_curve0_V12.6,COMPLETE,,jump,0.6,15,102,0.00125,False,12.6,0.00034909233754700257,0.0825,True,False,False,True,72.50522031698874,0.6,0.0103129666256907,1.7766001123103183,2.5339754260734813
jump_return,jump_v0.6_d15_s103_dt0.00125_curve0_V12.6,COMPLETE,,jump,0.6,15,103,0.00125,False,12.6,-0.0007470703431685812,0.08,True,False,False,True,71.85227574400622,0.6,0.00912700423944135,1.8166081196646717,2.564066293415391
jump_return,jump_v0.6_d10_s104_dt0.000625_curve0_V12.6,COMPLETE,,jump,0.6,10,104,0.000625,False,12.6,0.0016594880182999885,0.08687500000000001,False,False,True,True,74.06387619357339,0.6,0.032755887832574215,1.8897544980410426,2.9405264721546502
jump_return,jump_v0.6_d10_s104_dt0.00125_curve1_V11.1,COMPLETE,,jump,0.6,10,104,0.00125,True,11.1,-0.0004020479962914716,0.0375,False,False,False,True,39.59546263052489,0.6,0.009787941426618652,1.6630971664903667,2.5395182754370746
jump_return,jump_v0.6_d10_s104_dt0.00125_curve1_V9.9,COMPLETE,,jump,0.6,10,104,0.00125,True,9.9,-0.016202111709831622,0.0,False,False,False,True,33.13710354101286,0.6,0.009096746495934893,1.914304308165176,3.3034640615845614
jump_return,jump_v0.6_d10_s104_dt0.00125_curve0_V12.6__feedback40,COMPLETE,,jump,0.6,10,104,0.00125,False,12.6,-0.00010922865081164135,0.0825,True,False,False,True,70.78343082828931,0.6,0.014218898611959463,2.1919870947045217,2.1857082779343773
jump_return,jump_v0.6_d10_s104_dt0.00125_curve0_V12.6__low_friction,COMPLETE,,jump,0.6,10,104,0.00125,False,12.6,-0.01858338160437864,0.08750000000000001,False,False,True,True,82.85983227144217,0.6,0.05504428342841983,2.1756699724493593,3.3681747509466553
jump_return,jump_v0.6_d10_s104_dt0.00125_curve0_V12.6__head_carrier_plus10pct,COMPLETE,,jump,0.6,10,104,0.00125,False,12.6,0.0007618415673787082,0.08125,True,False,False,True,74.77247165909937,0.6,0.007602484489612316,1.7170803261334204,2.124510010752369
jump_return,jump_v0.6_d10_s104_dt0.00125_curve0_V12.6__feedback_drop2pct,COMPLETE,,jump,0.6,10,104,0.00125,False,12.6,-0.019110581905022687,0.085,True,False,False,True,69.38572280739592,0.6,0.009678510915346772,2.1633745506713975,3.5650751518742076
jump_return_fresh,jump_v0.6_d5_s201_dt0.00125_curve0_V12.6,COMPLETE,,jump,0.6,5,201,0.00125,False,12.6,0.0037121024303025125,0.07875,True,False,False,True,67.13458470280884,0.6,0.010576724220064615,2.1689929724857406,2.049181980907215
jump_return_fresh,jump_v0.6_d5_s202_dt0.00125_curve0_V12.6,COMPLETE,,jump,0.6,5,202,0.00125,False,12.6,0.0047074186476758016,0.07875,True,False,False,True,70.39338985986716,0.6,0.012112120982493924,2.248037885116218,2.038962721636563
jump_return_fresh,jump_v0.6_d5_s203_dt0.00125_curve0_V12.6,COMPLETE,,jump,0.6,5,203,0.00125,False,12.6,-0.019446672712382925,0.07875,True,False,False,True,71.1132401116707,0.6,0.014077668207519878,1.5870844459315268,3.688962256707613
jump_return_fresh,jump_v0.6_d10_s201_dt0.00125_curve0_V12.6,COMPLETE,,jump,0.6,10,201,0.00125,False,12.6,0.0005560161349273337,0.085,False,False,True,True,68.79287607508599,0.6,0.042217141339130126,1.8102938812491665,3.216965208461304
jump_return_fresh,jump_v0.6_d10_s202_dt0.00125_curve0_V12.6,COMPLETE,,jump,0.6,10,202,0.00125,False,12.6,0.0017455873251379323,0.085,True,False,False,True,75.43817458597809,0.6,0.013066601487046081,2.248158458077359,2.6759866325346917
jump_return_fresh,jump_v0.6_d10_s203_dt0.00125_curve0_V12.6,COMPLETE,,jump,0.6,10,203,0.00125,False,12.6,0.002281366376348302,0.08625000000000001,False,False,True,True,74.00578838345928,0.6,0.031904842963719426,1.847824789028694,2.9825988722668275
jump_return_fresh,jump_v0.6_d15_s201_dt0.00125_curve0_V12.6,COMPLETE,,jump,0.6,15,201,0.00125,False,12.6,-0.018459876405602947,0.085,True,False,False,True,75.18142704596686,0.6,0.011192414936245454,1.7951794584047212,2.833556931908463
jump_return_fresh,jump_v0.6_d15_s202_dt0.00125_curve0_V12.6,COMPLETE,,jump,0.6,15,202,0.00125,False,12.6,-0.019180641708272002,0.08750000000000001,True,False,False,True,79.79542553807941,0.6,0.01394866059771327,1.8697322602184219,3.0135196494553385
jump_return_fresh,jump_v0.6_d15_s203_dt0.00125_curve0_V12.6,COMPLETE,,jump,0.6,15,203,0.00125,False,12.6,0.00017981731550110604,0.085,True,False,False,True,81.00092876332808,0.6,0.009482819904280015,1.745514169845388,2.2872517689620095
run,run_v0.45_d5_s101_dt0.00125_curve0_V12.6,COMPLETE,,run,0.45,5,101,0.00125,False,12.6,0.3377950455961452,0.0,False,False,False,False,36.901172713999614,0.6,0.0,0.9454415526400003,1.20574607671345
run,run_v0.45_d5_s102_dt0.00125_curve0_V12.6,FAILED,ValueError('Calibration angular motion is excessive'),run,0.45,5,102,0.00125,False,12.6,,,,,,,,,,,
run,run_v0.45_d5_s103_dt0.00125_curve0_V12.6,COMPLETE,,run,0.45,5,103,0.00125,False,12.6,0.3451509192961221,0.0,False,False,False,False,36.96738129738041,0.6,0.0,1.0771944384222014,1.102365192147068
run,run_v0.45_d10_s101_dt0.00125_curve0_V12.6,COMPLETE,,run,0.45,10,101,0.00125,False,12.6,0.3500285678172846,0.0,False,False,False,False,35.406377770670886,0.6,0.0,0.9172703367524229,1.3807526287471155
run,run_v0.45_d10_s102_dt0.00125_curve0_V12.6,COMPLETE,,run,0.45,10,102,0.00125,False,12.6,0.3483751204529509,0.0,False,False,False,False,35.57420386752102,0.6,0.0,1.3660691871494801,1.326033034072386
run,run_v0.45_d10_s103_dt0.00125_curve0_V12.6,COMPLETE,,run,0.45,10,103,0.00125,False,12.6,0.349003454679939,0.0,False,False,False,False,37.22440412036432,0.6,0.0,1.1873036908010726,1.1638614150207638
run,run_v0.45_d15_s101_dt0.00125_curve0_V12.6,COMPLETE,,run,0.45,15,101,0.00125,False,12.6,0.34459271448645024,0.0,False,False,False,True,35.10432259483137,0.6,0.0,0.4916679039982415,1.4018976706396042
run,run_v0.45_d15_s102_dt0.00125_curve0_V12.6,COMPLETE,,run,0.45,15,102,0.00125,False,12.6,0.33618070700928365,0.0,False,False,False,True,34.83100060228453,0.6,0.0,0.48364236425965335,1.2145260608812598
run,run_v0.45_d15_s103_dt0.00125_curve0_V12.6,COMPLETE,,run,0.45,15,103,0.00125,False,12.6,0.3445668664954011,0.0,False,False,False,True,35.708214118535416,0.6,0.0,0.45260773381619174,1.4290047963637482
run,run_v0.6_d5_s101_dt0.00125_curve0_V12.6,COMPLETE,,run,0.6,5,101,0.00125,False,12.6,0.43169512460809834,0.0,False,False,False,False,40.74388258925646,0.6,0.0,1.6813699242020301,1.1155958507340038
run,run_v0.6_d5_s102_dt0.00125_curve0_V12.6,FAILED,ValueError('Calibration angular motion is excessive'),run,0.6,5,102,0.00125,False,12.6,,,,,,,,,,,
run,run_v0.6_d5_s103_dt0.00125_curve0_V12.6,COMPLETE,,run,0.6,5,103,0.00125,False,12.6,0.42599671798298266,0.0,False,False,False,False,42.22221467337149,0.6,0.0,1.034711191050519,1.098535880146117
run,run_v0.6_d10_s101_dt0.00125_curve0_V12.6,COMPLETE,,run,0.6,10,101,0.00125,False,12.6,0.4269804887966795,0.0,False,False,False,False,39.3686182484209,0.6,0.0,0.8219497862770585,1.3784932872259292
run,run_v0.6_d10_s102_dt0.00125_curve0_V12.6,COMPLETE,,run,0.6,10,102,0.00125,False,12.6,0.4282653055232719,0.0,False,False,False,False,39.551731260733526,0.6,0.0,0.5997977907574187,1.5703704466029285
run,run_v0.6_d10_s103_dt0.00125_curve0_V12.6,COMPLETE,,run,0.6,10,103,0.00125,False,12.6,0.428548277601986,0.0,False,False,False,False,39.79926887827287,0.6,0.0,0.6197699205002754,1.513394326146618
run,run_v0.6_d15_s101_dt0.00125_curve0_V12.6,COMPLETE,,run,0.6,15,101,0.00125,False,12.6,0.41999202236513977,0.0,False,False,False,True,42.02715847655095,0.6,0.0,1.2977801257813364,1.1719089877923994
run,run_v0.6_d15_s102_dt0.00125_curve0_V12.6,COMPLETE,,run,0.6,15,102,0.00125,False,12.6,0.42104970646515766,0.0,False,False,False,True,41.161004127075635,0.6,0.0,1.2044736686543207,1.2276915456992834
run,run_v0.6_d15_s103_dt0.00125_curve0_V12.6,COMPLETE,,run,0.6,15,103,0.00125,False,12.6,0.4220072284126599,0.0,False,False,False,True,41.44783907690833,0.6,0.0,1.309366343187482,1.1904333541794887
run,run_v0.8_d5_s101_dt0.00125_curve0_V12.6,COMPLETE,,run,0.8,5,101,0.00125,False,12.6,0.5151627968844041,0.0,False,False,False,False,43.89763210338718,0.6,0.0,1.0680380708553943,1.5505111957657878
run,run_v0.8_d5_s102_dt0.00125_curve0_V12.6,FAILED,ValueError('Calibration angular motion is excessive'),run,0.8,5,102,0.00125,False,12.6,,,,,,,,,,,
run,run_v0.8_d5_s103_dt0.00125_curve0_V12.6,COMPLETE,,run,0.8,5,103,0.00125,False,12.6,0.502473358852359,0.0,False,False,False,False,43.96500760626523,0.6,0.0,1.2152592216925315,1.559583341851957
run,run_v0.8_d10_s101_dt0.00125_curve0_V12.6,COMPLETE,,run,0.8,10,101,0.00125,False,12.6,0.4818467091931492,0.0,False,False,False,False,45.87154362592653,0.6,0.0,0.8556067983876419,1.6204952386335076
run,run_v0.8_d10_s102_dt0.00125_curve0_V12.6,COMPLETE,,run,0.8,10,102,0.00125,False,12.6,0.4857815357314535,0.0,False,False,False,False,46.32973624243848,0.6,0.0,0.861689760208726,1.72008154416371
run,run_v0.8_d10_s103_dt0.00125_curve0_V12.6,COMPLETE,,run,0.8,10,103,0.00125,False,12.6,0.4819690635433696,0.0,False,False,False,False,46.56209009006049,0.6,0.0,0.8531784235395116,1.554030911419275
run,run_v0.8_d15_s101_dt0.00125_curve0_V12.6,COMPLETE,,run,0.8,15,101,0.00125,False,12.6,0.48144139395505803,0.0,False,False,False,True,46.395079868141636,0.6,0.0,1.2173417774189377,1.5950504798681513
run,run_v0.8_d15_s102_dt0.00125_curve0_V12.6,COMPLETE,,run,0.8,15,102,0.00125,False,12.6,0.4810504886563003,0.0,False,False,False,True,48.6734099208583,0.6,0.0,1.0859593860228376,1.60920758808226
run,run_v0.8_d15_s103_dt0.00125_curve0_V12.6,COMPLETE,,run,0.8,15,103,0.00125,False,12.6,0.4805114874960537,0.0,False,False,False,True,46.60300406914297,0.6,0.0,1.1035385137718254,1.673610421883859
run,run_v0.6_d10_s104_dt0.000625_curve0_V12.6,COMPLETE,,run,0.6,10,104,0.000625,False,12.6,0.42900114407072876,0.0,False,False,False,False,38.770720845825835,0.6,0.0,0.6614014975873853,1.5109167334678608
run,run_v0.6_d10_s104_dt0.00125_curve1_V11.1,COMPLETE,,run,0.6,10,104,0.00125,True,11.1,0.4099709271761218,0.0,False,False,False,False,34.843405642246125,0.6,0.0,0.7520336894274041,1.3879561618680996
run,run_v0.6_d10_s104_dt0.00125_curve1_V9.9,COMPLETE,,run,0.6,10,104,0.00125,True,9.9,0.4062802894413671,0.0,False,False,False,False,33.23796095069372,0.6,0.0,0.9711404486425894,1.3909383877140882
run,run_v0.6_d10_s104_dt0.00125_curve0_V12.6__feedback40,COMPLETE,,run,0.6,10,104,0.00125,False,12.6,0.41529505162981883,0.0,False,False,False,False,44.67997104960221,0.6,0.0,0.44591507214629406,1.3680279494019012
run,run_v0.6_d10_s104_dt0.00125_curve0_V12.6__low_friction,COMPLETE,,run,0.6,10,104,0.00125,False,12.6,0.42653945599766974,0.0,False,False,False,False,42.41951870357463,0.6,0.0,0.8494500939075542,1.4686849518504919
run,run_v0.6_d10_s104_dt0.00125_curve0_V12.6__head_carrier_plus10pct,COMPLETE,,run,0.6,10,104,0.00125,False,12.6,0.43740713788501173,0.0,False,False,False,False,40.791554690579794,0.6,0.0,0.42868880000116366,1.191093316743957
run,run_v0.6_d10_s104_dt0.00125_curve0_V12.6__feedback_drop2pct,COMPLETE,,run,0.6,10,104,0.00125,False,12.6,0.4204162113959933,0.0,False,False,False,False,38.940570140812454,0.6,0.0,0.9814650889596251,1.2744008839068237
